SVSPP,COMNAME,SCINAME, 
000,UNCLASSIFIED FISH,UNIDENTIFIED FISH, 
001,ATLANTIC HAGFISH,MYXINE GLUTINOSA, 
002,SEA LAMPREY,PETROMYZON MARINUS, 
003,DUSKY SHARK,CARCHARHINUS OBSCURUS, 
004,ROUGHTAIL STINGRAY,DASYATIS CENTROURA, 
005,RAY AND SKATE UNCL,RAJIFORMES, 
006,BASKING SHARK,CETORHINUS MAXIMUS, 
007,BLACK DOGFISH,CENTROSCYLLIUM FABRICII, 
008,ROUGH SAGRE,ETMOPTERUS PRINCEPS, 
009,SANDBAR SHARK,CARCHARHINUS PLUMBEUS, 
011,SHARK UNCL,SELACHIMORPHA, 
012,SAND TIGER,CARCHARIAS TAURUS, 
013,SMOOTH DOGFISH,MUSTELUS CANIS, 
014,CHAIN DOGFISH,SCYLIORHINUS RETIFER, 
015,SPINY DOGFISH,SQUALUS ACANTHIAS, 
016,ATLANTIC ANGEL SHARK,SQUATINA DUMERIL, 
017,BLUE SHARK,PRIONACE GLAUCA, 
018,BLUNTNOSE STINGRAY,DASYATIS SAY, 
019,BULLNOSE RAY,MYLIOBATIS FREMINVILLEI, 
020,SKATE UNCL,RAJA SP, 
021,ATLANTIC TORPEDO,TORPEDO NOBILIANA, 
022,BARNDOOR SKATE,DIPTURUS LAEVIS, 
023,WINTER SKATE,LEUCORAJA OCELLATA, 
024,CLEARNOSE SKATE,RAJA EGLANTERIA, 
025,ROSETTE SKATE,LEUCORAJA GARMANI, 
026,LITTLE SKATE,LEUCORAJA ERINACEA, 
027,SMOOTH SKATE,MALACORAJA SENTA, 
028,THORNY SKATE,AMBLYRAJA RADIATA, 
029,SOUTHERN STINGRAY,DASYATIS AMERICANA, 
030,HERRING UNCL,CLUPEIDAE, 
031,ROUND HERRING,ETRUMEUS TERES, 
032,ATLANTIC HERRING,CLUPEA HARENGUS, 
033,ALEWIFE,ALOSA PSEUDOHARENGUS, 
034,BLUEBACK HERRING,ALOSA AESTIVALIS, 
035,AMERICAN SHAD,ALOSA SAPIDISSIMA, 
036,ATLANTIC MENHADEN,BREVOORTIA TYRANNUS, 
037,HICKORY SHAD,ALOSA MEDIOCRIS, 
038,CAPELIN,MALLOTUS VILLOSUS, 
039,SLICKHEAD UNCL,ALEPOCEPHALIIDAE, 
043,BAY ANCHOVY,ANCHOA MITCHILLI, 
044,STRIPED ANCHOVY,ANCHOA HEPSETUS, 
045,RAINBOW SMELT,OSMERUS MORDAX, 
046,ATLANTIC ARGENTINE,ARGENTINA SILUS, 
047,GREENEYE UNCL,CHLOROPHTHALMIDAE, 
051,GLACIER LANTERNFISH,BENTHOSEMA GLACIALE, 
052,MADEIRA LANTERNFISH,LAMPANYCTUS SP, 
053,HUMBOLDTS LANTERNFISH,MYCTOPHUM HUMBOLDTI, 
054,HORNED LANTERNFISH,CERATOSCOPELUS MADERENSIS, 
055,SPOTTED LANTERNFISH,MYCTOPHUM PUNCTATUM, 
056,LANTERNFISH UNCL,MYCTOPHIDAE, 
057,,HYGOPHUM TAANINGI, 
058,PATCHWORK LAMPFISH,NOTOSCOPELUS RESPLENDENS, 
059,,GONICHTHYS COCCOI, 
060,EEL UNCL,ANGUILLIFORMES, 
061,HEADLIGHTFISH UNCL,DIAPHUS SP, 
063,CONGER EEL,CONGER OCEANICUS, 
064,SNUBNOSE EEL,SIMENCHELYS PARASITICUS, 
065,MARGINED SNAKE EEL,OPHICHTHUS CRUENTIFER, 
066,SILVERSTRIPE HALFBEAK,HYPORHAMPHUS UNIFASCIATUS, 
067,SLENDER SNIPE EEL,NEMICHTHYS SCOLOPACEUS, 
068,FLAT NEEDLEFISH,ABLENNES HIANS, 
069,OFFSHORE HAKE,MERLUCCIUS ALBIDUS, 
070,BEARDLESS CODLING,GADELLA IMBERBIS, 
072,SILVER HAKE,MERLUCCIUS BILINEARIS, 
073,ATLANTIC COD,GADUS MORHUA, 
074,HADDOCK,MELANOGRAMMUS AEGLEFINUS, 
075,POLLOCK,POLLACHIUS VIRENS, 
076,WHITE HAKE,UROPHYCIS TENUIS, 
077,RED HAKE,UROPHYCIS CHUSS, 
078,SPOTTED HAKE,UROPHYCIS REGIA, 
079,LONGFIN HAKE,UROPHYCIS CHESTERI, 
080,HAKE UNCL,GADIDAE, 
081,BLUE HAKE,ANTIMORA ROSTRATA, 
082,METALLIC CODLING,PHYSICULUS FULVUS, 
083,FOURBEARD ROCKLING,ENCHELYOPUS CIMBRIUS, 
084,CUSK,BROSME BROSME, 
085,THREEBEARD ROCKLING,GAIDROPSARUS ENSIS, 
086,WHITING UNCL,MERLUCCIUS SP, 
087,LING UNCL,UROPHYCIS SP, 
088,MORA UNCL,MORIDAE, 
090,GRENADIER UNCL,MACROURIDAE, 
091,MARLIN-SPIKE,NEZUMIA BAIRDI, 
092,ROUGHHEAD GRENADIER,MACROURUS BERGLAX, 
093,LONGNOSE GRENADIER,COELORHYNCHUS CARMINATUS, 
098,DEEPWATER DAB,POECILOPSETTA BEANI, 
099,GREENLAND HALIBUT,REINHARDTIUS HIPPOGLOSSOIDES, 
100,FLOUNDER UNCL,PLEURONECTIFORMES, 
101,ATLANTIC HALIBUT,HIPPOGLOSSUS HIPPOGLOSSUS, 
102,AMERICAN PLAICE,HIPPOGLOSSOIDES PLATESSOIDES, 
103,SUMMER FLOUNDER,PARALICHTHYS DENTATUS, 
104,FOURSPOT FLOUNDER,PARALICHTHYS OBLONGUS, 
105,YELLOWTAIL FLOUNDER,LIMANDA FERRUGINEA, 
106,WINTER FLOUNDER,PSEUDOPLEURONECTES AMERICANUS, 
107,WITCH FLOUNDER,GLYPTOCEPHALUS CYNOGLOSSUS, 
108,WINDOWPANE,SCOPHTHALMUS AQUOSUS, 
109,GULF STREAM FLOUNDER,CITHARICHTHYS ARCTIFRONS, 
110,DEEPWATER FLOUNDER,MONOLENE SESSILICAUDA, 
111,LONGSPINE SNIPEFISH,MACRORHAMPHOSUS SCOLOPAX, 
112,BUCKLER DORY,ZENOPSIS CONCHIFERA, 
113,ATLANTIC SILVERSIDE,MENIDIA MENIDIA, 
114,BLACKMOUTH BASS,SYNAGROPS BELLUS, 
115,THREESPINE STICKLEBACK,GASTEROSTEUS ACULEATUS, 
116,NORTHERN PIPEFISH,SYNGNATHUS FUSCUS, 
117,SMALLMOUTH FLOUNDER,ETROPUS MICROSTOMUS, 
118,HOGCHOKER,TRINECTES MACULATUS, 
119,TRUMPETFISH,AULOSTOMUS MACULATUS, 
120,BLUESPOTTED CORNETFISH,FISTULARIA TABACARIA, 
121,ATLANTIC MACKEREL,SCOMBER SCOMBRUS, 
123,ATLANTIC BONITO,SARDA SARDA, 
124,CHUB MACKEREL,SCOMBER JAPONICUS, 
125,WAHOO,ACANTHOCYBIUM SOLANDRI, 
126,ATLANTIC CUTLASSFISH,TRICHIURUS LEPTURUS, 
127,CONEJO,PROMETHICHTHYS PROMETHEUS, 
128,SKIPJACK TUNA,KATSUWONUS PELAMIS, 
129,BLUE RUNNER,CARANX CRYSOS, 
130,BIGSCALE POMFRET,TARATICHTHYS LONGIPINNIS, 
131,BUTTERFISH,PEPRILUS TRIACANTHUS, 
132,ATLANTIC MOONFISH,SELENE SETAPINNIS, 
133,LOOKDOWN,SELENE VOMER, 
134,BIGEYE,PRIACANTHUS ARENATUS, 
135,BLUEFISH,POMATOMUS SALTATRIX, 
136,ATLANTIC CROAKER,MICROPOGONIAS UNDULATUS, 
137,KEELCHEEK BASS,SYNAGROPS SPINOSUS, 
138,CARDINALFISH UNCL,APOGONIDAE, 
139,STRIPED BASS,MORONE SAXATILIS, 
140,WHITE PERCH,MORONE AMERICANA, 
141,BLACK SEA BASS,CENTROPRISTIS STRIATA, 
142,PIGFISH,ORTHOPRISTIS CHRYSOPTERA, 
143,SCUP,STENOTOMUS CHRYSOPS, 
144,,EPIGONUS PANDIONIS, 
145,WEAKFISH,CYNOSCION REGALIS, 
146,NORTHERN KINGFISH,MENTICIRRHUS SAXATILIS, 
147,BLACK DRUM,POGONIAS CROMIS, 
148,SILVER PERCH,BAIRDIELLA CHRYSOURA, 
149,SPOT,LEIOSTOMUS XANTHURUS, 
150,SHERBORN'S CARDINALFISH,HOWELLA SHERBORNI, 
151,TILEFISH,LOPHOLATILUS CHAMAELEONTICEPS, 
154,LONGSPINE SCORPIONFISH,PONTINUS LONGISPINIS, 
155,ACADIAN REDFISH,SEBASTES FASCIATUS, 
156,BLACKBELLY ROSEFISH,HELICOLENUS DACTYLOPTERUS, 
157,,HELICOLENUS MADERENSIS, 
158,DEEPBODY BOARFISH,ANTIGONIA CAPROS, 
159,HOOKEAR SCULPIN UNCL,ARTEDIELLUS SP, 
160,SCULPIN UNCL,COTTIDAE, 
161,MOUSTACHE SCULPIN,TRIGLOPS MURRAYI, 
162,SHORTHORN SCULPIN,MYOXOCEPHALUS SCORPIUS, 
163,LONGHORN SCULPIN,MYOXOCEPHALUS OCTODECEMSPINOSUS, 
164,SEA RAVEN,HEMITRIPTERUS AMERICANUS, 
165,ALLIGATORFISH,ASPIDOPHOROIDES MONOPTERYGIUS, 
166,GRUBBY,MYOXOCEPHALUS AENAEUS, 
167,INQUILINE SNAILFISH,LIPARIS INQUILINUS, 
168,LUMPFISH,CYCLOPTERUS LUMPUS, 
169,ATLANTIC SPINY LUMPSUCKER,EUMICROTREMUS SPINOSUS, 
170,ATLANTIC SEASNAIL,LIPARIS ATLANTICUS, 
171,NORTHERN SEAROBIN,PRIONOTUS CAROLINUS, 
172,STRIPED SEAROBIN,PRIONOTUS EVOLANS, 
173,ARMORED SEAROBIN,PERISTEDION MINIATUM, 
174,SEAROBIN UNCL,TRIGLIDAE, 
175,FLYING GURNARD,DACTYLOPTERUS VOLITANS, 
176,CUNNER,TAUTOGOLABRUS ADSPERSUS, 
177,TAUTOG,TAUTOGA ONITIS, 
179,NORTHERN STARGAZER,ASTROSCOPUS GUTTATUS, 
180,ROCK GUNNEL,PHOLIS GUNNELLUS, 
181,NORTHERN SAND LANCE,AMMODYTES DUBIUS, 
182,SNAKEBLENNY,LUMPENUS LUMPRETAEFORMIS, 
183,DAUBED SHANNY,LUMPENUS MACULATUS, 
184,RADIATED SHANNY,ULVARIA SUBBIFURCATA, 
185,OYSTER TOADFISH,OPSANUS TAU, 
186,POLKA-DOT CUSK-EEL,OTOPHIDIUM OMOSTIGMUM, 
187,RED GOATFISH,MULLUS AURATUS, 
188,STRIPED CUSK-EEL,OPHIDION MARGINATUM, 
189,ARCTIC EELPOUT,LYCODES RETICULATUS, 
190,WOLF EELPOUT,LYCENCHELYS VERRILLI, 
191,WRYMOUTH,CRYPTACANTHODES MACULATUS, 
192,ATLANTIC WOLFFISH,ANARHICHAS LUPUS, 
193,OCEAN POUT,MACROZOARCES AMERICANUS, 
194,FAWN CUSK-EEL,LEPOPHIDIUM PROFUNDORUM, 
195,SMOOTH PUFFER,LAGOCEPHALUS LAEVIGATUS, 
196,NORTHERN PUFFER,SPHOEROIDES MACULATUS, 
197,GOOSEFISH,LOPHIUS AMERICANUS, 
198,STRIPED BURRFISH,CHILOMYCTERUS SCHOEPFI, 
199,ATLANTIC BATFISH,DIBRANCHUS ATLANTICUS, 
200,ATLANTIC GUITARFISH,RHINOBATOS LENTIGINOSUS, 
201,PLANEHEAD FILEFISH,MONACANTHUS HISPIDUS, 
202,GRAY TRIGGERFISH,BALISTES CAPRISCUS, 
203,GREATER AMBERJACK,SERIOLA DUMERILI, 
204,BANDED RUDDERFISH,SERIOLA ZONATA, 
205,ATLANTIC SAURY,SCOMBERESOX SAURUS, 
206,LONGNOSE BATFISH,OGCOCEPHALUS CORNIGER, 
207,BARRELFISH,HYPEROGLYPHE PERCIFORMIS, 
208,MACKEREL SCAD,DECAPTERUS MACARELLUS, 
209,BIGEYE SCAD,SELAR CRUMENOPHTHALMUS, 
210,HEADLIGHTFISH,DIAPHUS DUMERILI, 
211,ROUND SCAD,DECAPTERUS PUNCTATUS, 
212,ROUGH SCAD,TRACHURUS LATHAMI, 
213,SILVER RAG,ARIOMMA BONDI, 
215,HOUNDFISH,TYLOSURUS CROCODILUS, 
221,TONGUEFISH UNCL,SYMPHURUS SP, 
227,BLACK GEMFISH,NESIARCHUS NASUTUS, 
228,BOA DRAGONFISH,STOMIAS BOA, 
229,WEITZMANS PEARLSIDES,MAUROLICUS WEITZMANI, 
231,,CHLOROPHTHALMUS SP, 
232,SHORTNOSE GREENEYE,CHLOROPHTHALMUS AGASSIZI, 
233,,GONOSTOMA BATHYPHILUM, 
234,,GONOSTOMA ATLANTICUM, 
235,LONGTOOTH ANGLEMOUTH,GONOSTOMA ELONGATUM, 
236,,VINCIGUERRIA SP, 
237,,POLYMETME THAEOCORYLA, 
239,SIMONYS FROSTFISH,BENTHODESMUS SIMONYI, 
240,VIPERFISH,CHAULIODUS SLOANI, 
241,,CHAULIODUS DANAE, 
242,LONGNOSE GREENEYE,PARASUDIS TRUCULENTA, 
243,BLUNTNOSE SMOOTHHEAD,XENODERMICHTHYS COPEI, 
244,SLENDER LIGHTFISH,VINCIGUERRIA ATTENUATA, 
245,,PARALEPIS COREGONOIDES, 
246,WHITE BARRACUDINA,ARCTOZENUS RISSOI, 
248,SCALY DRAGONFISH UNCL,STOMIIDAE, 
249,LUMPFISH SNAILFISH UNCL,CYCLOPTERIDAE, 
250,SILVER HATCHETFISH,ARGYROPELECUS ACULEATUS, 
251,,POLYIPNUS CLARUS, 
252,HATCHETFISH UNCL,STERNOPTYCHIDAE, 
260,,CAREPROCTUS RANULA, 
261,BLACKMOUTHED ALFONSIN,HOPLOSTETHUS MEDITERRANEUS, 
262,ATLANTIC SOFT POUT,MELANOSTIGMA ATLANTICUM, 
263,BEARDFISH,POLYMIXIA LOWEI, 
264,STOUT BEARDFISH,POLYMIXIA NOBILIS, 
265,OCEAN SUNFISH,MOLA MOLA, 
266,,HOPLOSTETHUS OCCIDENTALIS, 
267,EELPOUT UNCL,ZOARCIDAE, 
268,BIG ROUGHY,GEPHYROBERYX DARWINI, 
270,COWNOSE RAY,RHINOPTERA BONASUS, 
271,SPOTTED EAGLE RAY,AETOBATIS NARINARI, 
272,MANTA,MANTA BIROSTRIS, 
274,MEXICAN SEAROBIN,PRIONOTUS PARALATUS, 
280,WESTERN SOFTHEAD GRENADIER,MALACOCEPHALUS OCCIDENTALIS, 
281,,YARELLA BLACKFORDI, 
285,PUNCTATE BLADE SHRIMP,SPIRONTOCARIS PHIPPSII, 
286,PARROT SHRIMP,SPIRONTOCARIS SPINUS, 
287,SEVENSPINE BAY SHRIMP,CRANGON SEPTEMSPINOSA, 
291,ARCTIC EUALID,EUALUS FABRICII, 
292,PINK GLASS SHRIMP,PASIPHAEA MULTIDENTATA, 
293,SPINY LEBBEID,LEBBEUS GROENLANDICUS, 
294,POLAR LEBBEID,LEBBEUS POLARIS, 
295,FRIENDLY BLADE SHRIMP,SPIRONTOCARIS LILJEBORGII, 
296,BRISTLED LONGBEAK,DICHELOPANDALUS LEPTOCERUS, 
297,AESOP SHRIMP,PANDALUS MONTAGUI, 
298,,PANDALUS PROPINQUUS, 
299,NORWEGIAN SHRIMP,PONTOPHILUS NORVEGICUS, 
300,WATER HAUL,NO FISH BUT GOOD TOW, 
301,AMERICAN LOBSTER,HOMARUS AMERICANUS, 
302,RIDGED SLIPPER LOBSTER,SCYLLARIDES NODIFER, 
303,SPANISH SLIPPER LOBSTER,SCYLLARIDES AEQUINOCTIALIS, 
304,CARIBBEAN SPINY LOBSTER,PANULIRUS ARGUS, 
305,SHRIMP UNCL,CRUSTACEA SHRIMP, 
306,NORTHERN SHRIMP,PANDALUS BOREALIS, 
307,"SHRIMP (PINK,BROWN,WHITE)",PENAEUS SP, 
308,GOLDEN DEEPSEA CRAB,GERYON FENNERI, 
309,WHITE CRAB,GERYON AFFINIS, 
310,RED DEEPSEA CRAB,GERYON QUINQUEDENS, 
311,CANCER CRAB UNCL,CANCRIDAE, 
312,JONAH CRAB,CANCER BOREALIS, 
313,ATLANTIC ROCK CRAB,CANCER IRRORATUS, 
314,BLUE CRAB,CALLINECTES SAPIDUS, 
315,CALICO CRAB UNCL,OVALIPES SP, 
316,BROWN ROCK SHRIMP,SICYONIA BREVIROSTRIS, 
317,SPIDER CRAB UNCL,MAJIDAE, 
318,HORSESHOE CRAB,LIMULUS POLYPHEMUS, 
319,GALATHEID UNCL,GALATHEIDAE, 
320,SWIMMING CRAB UNCL,PORTUNIDAE, 
321,COARSEHAND LADY CRAB,OVALIPES STEPHENSONI, 
322,LADY CRAB,OVALIPES OCELLATUS, 
323,MANTIS SHRIMP UNCL,STOMATOPODA, 
324,NORTHERN STONE CRAB,LITHODES MAJA, 
325,SNOW CRAB,CHIONOECETES OPILIO, 
326,GREEN CRAB,CARCINUS MAENAS, 
327,CALICO BOX CRAB,HEPATUS EPHELITICUS, 
328,FLAME BOX CRAB,CALAPPA FLAMMEA, 
329,YELLOW BOX CRAB,CALAPPA SULCATA, 
330,SAND DOLLAR UNCL,CLYPEASTEROIDA, 
331,SEA URCHIN AND SAND DOLLAR UNCL,ECHINOIDEA, 
332,"SEA STAR, BRITTLE STAR, AND BASKETS",STELLEROIDEA, 
333,BOREAL ASTERIAS,ASTERIAS VULGARIS, 
334,,ASTROPECTEN SP, 
335,HERMIT CRAB UNCL,PAGUROIDEA, 
336,CHANNELED WHELK,BUSYCOTYPUS CANALICULATUS, 
337,KNOBBED WHELK,BUSYCON CARICA, 
338,"MOON SNAIL, SHARK EYE, AND BABY-EAR",NATICIDAE, 
339,BOX CRAB UNCL,CALAPPIDAE, 
340,ICELAND SCALLOP,CHLAMYS ISLANDICA, 
341,ICELAND SCALLOP CLAPPER,CHLAMYS ISLANDICA CLAPPER, 
342,NORTHERN HORSEMUSSEL,MODIOLUS MODIOLUS, 
343,BLUE MUSSEL,MYTILUS EDULIS, 
344,WAVED WHELK,BUCCINUM UNDATUM, 
345,TEN-RIDGED WHELK,NEPTUNEA DECEMCOSTATA, 
346,STIMPSON'S WHELK,COLUS STIMPSONI, 
347,,NASSARIUS SP, 
348,NORTHERN MOONSNAIL,EUSPIRA HEROS, 
349,SHARK EYE,NEVERITA DUPLICATA, 
350,NURSE SHARK,GINGLYMOSTOMA CIRRATUM, 
351,WHITE SHARK,CARCHARODON CARCHARIAS, 
352,SHORTFIN MAKO,ISURUS OXYRINCHUS, 
353,PORBEAGLE SHARK,LAMNA NASUS, 
354,BLACKNOSE SHARK,CARCHARHINUS ACRONOTUS, 
355,SILKY SHARK,CARCHARHINUS FALCIFORMIS, 
356,BULL SHARK,CARCHARHINUS LEUCAS, 
357,BLACKTIP SHARK,CARCHARHINUS LIMBATUS, 
358,TIGER SHARK,GALEOCERDO CUVIER, 
359,LEMON SHARK,NEGAPRION BREVIROSTRIS, 
360,ATLANTIC SHARPNOSE SHARK,RHIZOPRIONODON TERRAENOVAE, 
361,REQUIEM SHARK UNCL,CARCHARHINIDAE, 
362,SCALLOPED HAMMERHEAD SHARK,SPHYRNA LEWINI, 
363,GREAT HAMMERHEAD SHARK,SPHYRNA MOKARRAN, 
364,BONNETHEAD SHARK,SPHYRNA TIBURO, 
365,SMALLEYE HAMMERHEAD SHARK,SPHYRNA TUDES, 
366,SMOOTH HAMMERHEAD SHARK,SPHYRNA ZYGAENA, 
367,LESSER ELECTRIC RAY,NARCINE BRASILIENSIS, 
368,OCELLATE SKATE,RAJA ACKLEYI, 
370,SPREADFIN SKATE,DIPTURUS OLSENI, 
371,SPINYTAIL SKATE,BATHYRAJA SPINICAUDA, 
372,ROUNDEL SKATE,RAJA TEXANA, 
373,ATLANTIC STINGRAY,DASYATIS SABINA, 
374,PELAGIC STINGRAY,DASYATIS VIOLACEA, 
375,SPINY BUTTERFLY RAY,GYMNURA ALTAVELA, 
376,SMOOTH BUTTERFLY RAY,GYMNURA MICRURA, 
377,YELLOW STINGRAY,UROLOPHUS JAMAICENSIS, 
378,SOUTHERN EAGLE RAY,MYLIOBATIS GOODEI, 
379,SHORTNOSE STURGEON,ACIPENSER BREVIROSTRUM, 
380,ATLANTIC STURGEON,ACIPENSER OXYRHYNCHUS, 
381,LADYFISH,ELOPS SAURUS, 
382,TARPON,MEGALOPS ATLANTICUS, 
383,BONEFISH,ALBULA VULPES, 
384,AMERICAN EEL,ANGUILLA ROSTRATA, 
385,PYGMY MORAY,ANARCHIAS SIMILIS, 
386,SPOTTED MORAY,GYMNOTHORAX MORINGA, 
387,BLACKEDGE MORAY,GYMNOTHORAX NIGROMARGINATUS, 
388,MORAY UNCL,MURAENIDAE, 
389,BANDTOOTH CONGER,ARIOSOMA BALEARICUM, 
390,CONGER EEL UNCL,CONGRIDAE, 
391,SHORTTAIL SNAKE EEL,CALLECHELYS GUINIENSIS, 
392,SAILFIN EEL,LETHARCHUS VELIFER, 
393,SPECKLED WORM EEL,MYROPHIS PUNCTATUS, 
394,SPOTTED SPOON-NOSE EEL,ECHIOPHIS INTERTINCTUS, 
395,SHRIMP EEL,OPHICHTHUS GOMESI, 
396,PALESPOTTED EEL,OPHICHTHUS PUNCTICEPS, 
397,ACADEMY EEL,APTERICHTUS ANSP, 
398,FINLESS EEL,APTERICHTUS KENDALLI, 
399,SPOON-NOSE EEL UNCL,ECHIOPHIS SP, 
400,SEA SCALLOP CLAPPER,PLACOPECTEN MAGELLANICUS CLAPPER, 
401,SEA SCALLOP,PLACOPECTEN MAGELLANICUS, 
402,BAY SCALLOP,ARGOPECTEN IRRADIANS, 
403,ATLANTIC SURFCLAM,SPISULA SOLIDISSIMA, 
404,ATLANTIC CALICO SCALLOP,ARGOPECTEN GIBBUS, 
405,DUCK-BILL SHELL UNCL,THRACIA SP, 
406,ATLANTIC SURFCLAM CLAPPER,SPISULA SOLIDISSIMA CLAPPER, 
407,ARCTIC SURFCLAM,MACTROMERIS POLYNYMA, 
408,ARCTIC SURFCLAM CLAPPER,MACTROMERIS POLYNYMA CLAPPER, 
409,OCEAN QUAHOG,ARCTICA ISLANDICA, 
410,OCEAN QUAHOG CLAPPER,ARCTICA ISLANDICA CLAPPER, 
411,SOUTHERN QUAHOG,MERCENARIA CAMPECHIENSIS, 
412,SOUTHERN QUAHOG CLAPPER,MERCENARIA CAMPECHIENSIS CLAPPER, 
413,NORTHERN QUAHOG,MERCENARIA MERCENARIA, 
414,NORTHERN QUAHOG CLAPPER,MERCENARIA MERCENARIA CLAPPER, 
415,FALSE QUAHOG,PITAR MORRHUANUS, 
416,RAZOR AND JACKKNIFE CLAM UNCL,SOLENIDAE, 
417,NORTHERN PROPELLER CLAM,CYRTODARIA SILIQUA, 
418,GREENLAND COCKLE,SERRIPES GROENLANDICUS, 
419,NORTHERN CYCLOCARDIA,CYCLOCARDIA BOREALIS, 
420,SMOOTH ASTARTE,ASTARTE CASTANEA, 
421,PIPEFISH SEAHORSE UNCL,SYNGNATHIDAE, 
422,BOARFISH UNCL,CAPROIDAE, 
423,SILVERSIDE UNCL,ATHERINIDAE, 
425,SNAKE EEL UNCL,OPHICHTHIDAE, 
426,GIZZARD SHAD,DOROSOMA CEPEDIANUM, 
427,DWARF HERRING,JENKINSIA LAMPROTAENIA, 
428,ATLANTIC THREAD HERRING,OPISTHONEMA OGLINUM, 
429,SPANISH SARDINE,SARDINELLA AURITA, 
430,FLAT ANCHOVY,ANCHOVIELLA PERFASCIATA, 
431,RAINBOW TROUT,ONCORHYNCHUS MYKISS, 
432,BROWN TROUT,SALMO TRUTTA, 
433,LARGESCALE LIZARDFISH,SAURIDA BRASILIENSIS, 
434,SHORTJAW LIZARDFISH,SAURIDA NORMANI, 
435,INSHORE LIZARDFISH,SYNODUS FOETENS, 
436,SAND DIVER,SYNODUS INTERMEDIUS, 
437,OFFSHORE LIZARDFISH,SYNODUS POEYI, 
438,RED LIZARDFISH,SYNODUS SYNODUS, 
439,SNAKEFISH,TRACHINOCEPHALUS MYOPS, 
440,LONGNOSE LANCETFISH,ALEPISAURUS FEROX, 
441,HARDHEAD CATFISH,ARIUS FELIS, 
442,GAFFTOPSAIL CATFISH,BAGRE MARINUS, 
443,LEOPARD TOADFISH,OPSANUS PARDUS, 
444,ATLANTIC MIDSHIPMAN,PORICHTHYS PLECTRODON, 
445,OCELLATED FROGFISH,ANTENNARIUS OCELLATUS, 
446,SINGLESPOT FROGFISH,ANTENNARIUS RADIOSUS, 
447,STRIATED FROGFISH,ANTENNARIUS STRIATUS, 
448,SARGASSUMFISH,HISTRIO HISTRIO, 
449,PANCAKE BATFISH,HALIEUTICHTHYS ACULEATUS, 
450,SHORTNOSE BATFISH,OGCOCEPHALUS NASUTUS, 
451,ROUGHBACK BATFISH,OGCOCEPHALUS PARVUS, 
452,BATFISH UNCL,OGCOCEPHALIDAE, 
453,ATLANTIC TOMCOD,MICROGADUS TOMCOD, 
454,CAROLINA HAKE,UROPHYCIS EARLLI, 
455,SOUTHERN HAKE,UROPHYCIS FLORIDANA, 
456,BEARDED BROTULA,BROTULA BARBATA, 
457,MOTTLED CUSK-EEL,LEPOPHIDIUM JEANNAE, 
458,BLOTCHED CUSK-EEL,OPHIDION GRAYI, 
459,BANK CUSK-EEL,OPHIDION HOLBROOKI, 
460,CRESTED CUSK-EEL,OPHIDION WELSHI, 
461,CUSK-EEL UNCL,OPHIDIIDAE, 
462,PEARLFISH,CARAPUS BERMUDENSIS, 
463,MARGINED FLYINGFISH,CYPSELURUS CYANOPTERUS, 
464,SPOTFIN FLYINGFISH,CYPSELURUS FURCATUS, 
465,ATLANTIC FLYINGFISH,CYPSELURUS MELANURUS, 
466,FLYING HALFBEAK,EULEPTORHAMPHUS VELOX, 
467,OCEANIC TWO-WING FLYINGFISH,EXOCOETUS OBTUSIROSTRIS, 
468,BALLYHOO,HEMIRAMPHUS BRASILIENSIS, 
469,FOURWING FLYINGFISH,HIRUNDICHTHYS AFFINIS, 
470,BLUNTNOSE FLYINGFISH,PROGNICHTHYS GIBBIFRONS, 
471,ATLANTIC NEEDLEFISH,STRONGYLURA MARINA, 
472,SHEEPSHEAD MINNOW,CYPRINODON VARIEGATUS, 
473,MUMMICHOG,FUNDULUS HETEROCLITUS, 
474,STRIPED KILLIFISH,FUNDULUS MAJALIS, 
475,ROUGH SILVERSIDE,MEMBRAS MARTINICA, 
476,TIDEWATER SILVERSIDE,MENIDIA BERYLLINA, 
477,SPINYCHEEK SOLDIERFISH,CORNIGER SPINOSUS, 
478,SQUIRRELFISH,HOLOCENTRUS ADSCENSIONIS, 
479,DEEPWATER SQUIRRELFISH,SARGOCENTRON BULLISI, 
480,LONGSPINE SQUIRRELFISH,HOLOCENTRUS RUFUS, 
481,DUSKY SQUIRRELFISH,SARGOCENTRON VEXILLARIUS, 
482,BLACKBAR SOLDIERFISH,MYRIPRISTIS JACOBUS, 
483,BIGEYE SOLDIERFISH,OSTICHTHYS TRACHYPOMA, 
484,CARDINAL SOLDIERFISH,PLECTRYPOPS RETROSPINIS, 
485,SQUIRRELFISH UNCL,HOLOCENTRIDAE, 
486,SHORTSPINE BOARFISH,ANTIGONIA COMBATIA, 
487,UNICORNFISH,EUMECICHTHYS FISKI, 
488,FOURSPINE STICKLEBACK,APELTES QUADRACUS, 
489,RED CORNETFISH,FISTULARIA PETIMBA, 
490,CORNETFISH UNCL,FISTULARIA SP, 
491,WHITENOSE PIPEFISH,COSMOCAMPUS ALBIROSTRIS, 
492,LINED SEAHORSE,HIPPOCAMPUS ERECTUS, 
493,LONGSNOUT SEAHORSE,HIPPOCAMPUS REIDI, 
494,DUSKY PIPEFISH,SYNGNATHUS FLORIDAE, 
495,CHAIN PIPEFISH,SYNGNATHUS LOUISIANAE, 
496,BULL PIPEFISH,SYNGNATHUS SPRINGERI, 
497,COMMON SNOOK,CENTROPOMUS UNDECIMALIS, 
498,MUTTON HAMLET,EPINEPHELUS AFER, 
499,CRIMSON BASS,ANTHIAS ASPERILINGUIS, 
500,YELLOWFIN BASS,ANTHIAS NICHOLSI, 
501,"SQUID, CUTTLEFISH, AND OCTOPOD UNCL",CEPHALOPODA, 
502,NORTHERN SHORTFIN SQUID,ILLEX ILLECEBROSUS, 
503,LONGFIN SQUID,LOLIGO PEALEII, 
504,ATLANTIC BRIEF SQUID,LOLLIGUNCULA BREVIS, 
505,ARROW SQUID,LOLIGO PLEII, 
506,BOBTAIL UNCL,SEPIOLIDAE, 
507,LESSER SHINING BOBTAIL,SEMIROSSIA TENERA, 
508,SHIELD BOBTAIL,STOLOTEUTHIS LEUCOPTERA, 
509,RUPPELL'S ABRALIA,ABRALIA VERANYI, 
510,OCTOPUS UNCL,OCTOPODA, 
511,COMMON OCTOPUS,OCTOPUS VULGARIS, 
512,SPOONARM OCTOPUS,BATHYPOLYPUS ARCTICUS, 
513,UNICORN OCTOPUS,SCAEURGUS UNICIRRHUS, 
514,VERRILL'S BOBTAIL,ROSSIA MEGAPTERA, 
515,OWEN'S BOBTAIL,ROSSIA PALPEBROSA, 
516,BLOTCHED SWIMMING CRAB,PORTUNUS SPINIMANUS, 
517,BATHYAL SWIMMING CRAB,BATHYNECTES LONGISPINA, 
518,SPECKLED SWIMMING CRAB,ARENAEUS CRIBRARIUS, 
519,NORTHERN SHORTFIN SQUID EGG MOPS,ILLEX ILLECEBROSUS EGG MOPS, 
520,LONGFIN SQUID EGG MOPS,LOLIGO PEALEII EGG MOPS, 
523,SCHOOL BASS,SCHULTZEA BETA, 
524,YELLOWMOUTH GROUPER,MYCTEROPERCA INTERSTITIALIS, 
526,BANK SEA BASS,CENTROPRISTIS OCYURUS, 
527,ROCK SEA BASS,CENTROPRISTIS PHILADELPHICA, 
528,MARBLED GROUPER,EPINEPHELUS INERMIS, 
529,DWARF SAND PERCH,DIPLECTRUM BIVITTATUM, 
530,SAND PERCH,DIPLECTRUM FORMOSUM, 
531,ROCK HIND,EPINEPHELUS ADSCENSIONIS, 
532,SPECKLED HIND,EPINEPHELUS DRUMMONDHAYI, 
533,YELLOWEDGE GROUPER,EPINEPHELUS FLAVOLIMBATUS, 
534,RED HIND,EPINEPHELUS GUTTATUS, 
535,RED GROUPER,EPINEPHELUS MORIO, 
536,WARSAW GROUPER,EPINEPHELUS NIGRITUS, 
537,SNOWY GROUPER,EPINEPHELUS NIVEATUS, 
538,NASSAU GROUPER,EPINEPHELUS STRIATUS, 
539,RED BARBIER,HEMANTHIAS VIVANUS, 
540,BLACK GROUPER,MYCTEROPERCA BONACI, 
541,GAG,MYCTEROPERCA MICROLEPIS, 
542,SCAMP,MYCTEROPERCA PHENAX, 
543,YELLOWFIN GROUPER,MYCTEROPERCA VENENOSA, 
544,ROUGHTONGUE BASS,HOLANTHIAS MARTINICENSIS, 
545,CREOLE-FISH,PARANTHIAS FURCIFER, 
546,STREAMER BASS,HEMANTHIAS AUREORUBENS, 
547,PYGMY SEA BASS,SERRANICULUS PUMILIO, 
548,ORANGEBACK BASS,SERRANUS ANNULARIS, 
549,BLACKEAR BASS,SERRANUS ATROBRANCHUS, 
550,LANTERN BASS,SERRANUS BALDWINI, 
551,SADDLE BASS,SERRANUS NOTOSPILUS, 
552,TATTLER,SERRANUS PHOEBE, 
553,BELTED SANDFISH,SERRANUS SUBLIGARIUS, 
554,SEA BASS UNCL,SERRANIDAE, 
555,FRECKLED SOAPFISH,RYPTICUS BISTRISPINUS, 
556,GLASSEYE SNAPPER,PRIACANTHUS CRUENTATUS, 
557,SHORT BIGEYE,PRISTIGENYS ALTA, 
558,FLAMEFISH,APOGON MACULATUS, 
559,TWOSPOT CARDINALFISH,APOGON PSEUDOMACULATUS, 
562,BLACKLINE TILEFISH,CAULOLATILUS CYANOPS, 
563,COBIA,RACHYCENTRON CANADUM, 
564,SHARKSUCKER,ECHENEIS NAUCRATES, 
565,SPEARFISH REMORA,REMORA BRACHYPTERA, 
566,MARLINSUCKER,REMORA OSTEOCHIR, 
567,REMORA,REMORA REMORA, 
568,AFRICAN POMPANO,ALECTIS CILIARIS, 
569,YELLOW JACK,CARANX BARTHOLOMAEI, 
570,CREVALLE JACK,CARANX HIPPOS, 
571,HORSE-EYE JACK,CARANX LATUS, 
572,BAR JACK,CARANX RUBER, 
573,ATLANTIC BUMPER,CHLOROSCOMBRUS CHRYSURUS, 
574,RAINBOW RUNNER,ELAGATIS BIPINNULATA, 
575,BLUNTNOSE JACK,HEMICARANX AMBLYRHYNCHUS, 
576,PILOTFISH,NAUCRATES DUCTOR, 
577,LEATHERJACK,OLIGOPLITES SAURUS, 
578,ALMACO JACK,SERIOLA RIVOLIANA, 
579,FLORIDA POMPANO,TRACHINOTUS CAROLINUS, 
580,PERMIT,TRACHINOTUS FALCATUS, 
581,PALOMETA,TRACHINOTUS GOODEI, 
582,JACK POMPANO UNCL,CARANGIDAE, 
583,POMPANO DOLPHIN,CORYPHAENA EQUISETIS, 
584,DOLPHIN,CORYPHAENA HIPPURUS, 
585,ATLANTIC POMFRET,BRAMA BRAMA, 
586,MUTTON SNAPPER,LUTJANUS ANALIS, 
587,SCHOOLMASTER,LUTJANUS APODUS, 
588,BLACKFIN SNAPPER,LUTJANUS BUCCANELLA, 
589,RED SNAPPER,LUTJANUS CAMPECHANUS, 
590,GRAY SNAPPER,LUTJANUS GRISEUS, 
591,DOG SNAPPER,LUTJANUS JOCU, 
592,LANE SNAPPER,LUTJANUS SYNAGRIS, 
593,SILK SNAPPER,LUTJANUS VIVANUS, 
594,YELLOWTAIL SNAPPER,OCYURUS CHRYSURUS, 
595,WENCHMAN,PRISTIPOMOIDES AQUILONARIS, 
596,VERMILION SNAPPER,RHOMBOPLITES AURORUBENS, 
597,SNAPPER UNCL,LUTJANIDAE, 
598,TRIPLETAIL,LOBOTES SURINAMENSIS, 
599,SILVER JENNY,EUCINOSTOMUS GULA, 
600,,SQUALIDAE, 
601,BROADBAND DOGFISH,ETMOPTERUS GRACILISPINIS, 
602,CARIBBEAN LANTERNSHARK,ETMOPTERUS HILLIANUS, 
603,PORTUGUESE SHARK,CENTROSCYMNUS COELOLEPIS, 
604,GLADIATOR BOX CRAB,ACANTHOCARPUS ALEXANDRI, 
605,ATLANTIC SURFCLAM BROKEN,SPISULA SOLIDISSIMA BROKEN, 
606,OCEAN QUAHOG BROKEN,ARCTICA ISLANDICA, 
607,SOUTHERN QUAHOG BROKEN,MERCENARIA CAMPECHIENSIS, 
616,BULLEYE,COOKEOLUS JAPONICUS, 
617,SPOTTED TINSELFISH,XENOLEPIDICHTHYS DALGLEISHI, 
618,BASSLET UNCL,GRAMMATIDAE, 
619,DAMSELFISH UNCL,POMACENTRIDAE, 
620,BARRACUDA UNCL,SPHYRAENA SP, 
621,BLUELINE TILEFISH,CAULOLATILUS MICROPS, 
622,GOLDFACE TILEFISH,CAULOLATILUS CHRYSOPS, 
623,ANCHOR TILEFISH,CAULOLATILUS INTERMEDIUS, 
624,SAND TILEFISH,MALACANTHUS PLUMIERI, 
625,MOJARRA UNCL,GERREIDAE, 
626,PORKFISH,ANISOTREMUS VIRGINICUS, 
627,TOMTATE,HAEMULON AUROLINEATUM, 
628,CAESAR GRUNT,HAEMULON CARBONARIUM, 
629,WHITE GRUNT,HAEMULON PLUMIERI, 
630,GRUNT UNCL,HAEMULIDAE, 
631,SHEEPSHEAD,ARCHOSARGUS PROBATOCEPHALUS, 
632,JOLTHEAD PORGY,CALAMUS BAJONADO, 
633,SAUCEREYE PORGY,CALAMUS CALAMUS, 
634,WHITEBONE PORGY,CALAMUS LEUCOSTEUS, 
635,KNOBBED PORGY,CALAMUS NODOSUS, 
636,SHEEPSHEAD PORGY,CALAMUS PENNA, 
637,LITTLEHEAD PORGY,CALAMUS PRORIDENS, 
638,SILVER PORGY,DIPLODUS ARGENTEUS, 
639,SPOTTAIL PINFISH,DIPLODUS HOLBROOKI, 
640,PINFISH,LAGODON RHOMBOIDES, 
641,RED PORGY,PAGRUS SEDECIM, 
642,SCUP,STENOTOMUS CAPRINUS, 
643,PORGY AND PINFISH UNCL,SPARIDAE, 
644,SAND SEATROUT,CYNOSCION ARENARIUS, 
645,SPOTTED SEATROUT,CYNOSCION NEBULOSUS, 
646,SILVER SEATROUT,CYNOSCION NOTHUS, 
647,HIGH-HAT,EQUETUS ACUMINATUS, 
648,JACKKNIFE-FISH,EQUETUS LANCEOLATUS, 
649,SPOTTED DRUM,EQUETUS PUNCTATUS, 
650,CUBBYU,EQUETUS UMBROSUS, 
651,BANDED DRUM,LARIMUS FASCIATUS, 
652,SOUTHERN KINGFISH,MENTICIRRHUS AMERICANUS, 
653,GULF KINGFISH,MENTICIRRHUS LITTORALIS, 
654,RED DRUM,SCIAENOPS OCELLATUS, 
655,STAR DRUM,STELLIFER LANCEOLATUS, 
656,SPOTTED GOATFISH,PSEUDUPENEUS MACULATUS, 
657,DWARF GOATFISH,UPENEUS PARVUS, 
658,BERMUDA CHUB,KYPHOSUS SECTATRIX, 
659,ATLANTIC SPADEFISH,CHAETODIPTERUS FABER, 
660,BANK BUTTERFLYFISH,CHAETODON AYA, 
661,FOUREYE BUTTERFLYFISH,CHAETODON CAPISTRATUS, 
662,SPOTFIN BUTTERFLYFISH,CHAETODON OCELLATUS, 
663,REEF BUTTERFLYFISH,CHAETODON SEDENTARIUS, 
664,BANDED BUTTERFLYFISH,CHAETODON STRIATUS, 
665,BLUE ANGELFISH,HOLACANTHUS BERMUDENSIS, 
666,QUEEN ANGELFISH,HOLACANTHUS CILIARIS, 
667,ROCK BEAUTY,HOLACANTHUS TRICOLOR, 
668,GRAY ANGELFISH,POMACANTHUS ARCUATUS, 
669,SERGEANT MAJOR,ABUDEFDUF SAXATILIS, 
670,YELLOWTAIL REEFFISH,CHROMIS ENCHRYSURUS, 
671,SUNSHINEFISH,CHROMIS INSOLATA, 
672,BEAUGREGORY,POMACENTRUS LEUCOSTICTUS, 
673,SPOTFIN HOGFISH,BODIANUS PULCHELLUS, 
674,CREOLE WRASSE,CLEPTICUS PARRAE, 
675,RED HOGFISH,DECODON PUELLARIS, 
676,GREENBAND WRASSE,HALICHOERES BATHYPHILUS, 
677,SLIPPERY DICK,HALICHOERES BIVITTATUS, 
678,PAINTED WRASSE,HALICHOERES CAUDALIS, 
679,BLACKEAR WRASSE,HALICHOERES POEYI, 
680,PUDDINGWIFE,HALICHOERES RADIATUS, 
681,PEARLY RAZORFISH,HEMIPTERONOTUS NOVACULA, 
682,HOGFISH,LACHNOLAIMUS MAXIMUS, 
683,WRASSE UNCL,LABRIDAE, 
684,BLUELIP PARROTFISH,CRYPTOTOMUS ROSEUS, 
685,EMERALD PARROTFISH,NICHOLSINA USTA, 
686,BLUE PARROTFISH,SCARUS COERULEUS, 
687,BUCKTOOTH PARROTFISH,SPARISOMA RADIANS, 
688,PARROTFISH UNCL,SCARIDAE, 
689,STRIPED MULLET,MUGIL CEPHALUS, 
690,WHITE MULLET,MUGIL CUREMA, 
691,LIZA,MUGIL LIZA, 
692,FANTAIL MULLET,MUGIL GYRANS, 
693,GREAT BARRACUDA,SPHYRAENA BARRACUDA, 
694,NORTHERN SENNET,SPHYRAENA BOREALIS, 
695,GUAGUANCHE,SPHYRAENA GUACHANCHO, 
696,MOUSTACHE JAWFISH,OPISTOGNATHUS LONCHURUS, 
697,MOTTLED JAWFISH,OPISTOGNATHUS MAXILLOSUS, 
698,GOBY FLATHEAD,BEMBROPS GOBIOIDES, 
699,SOUTHERN STARGAZER,ASTROSCOPUS Y-GRAECUM, 
700,SWORDFISH,XIPHIAS GLADIUS, 
701,BULLET MACKEREL,AUXIS ROCHEI, 
702,FRIGATE MACKEREL,AUXIS THAZARD, 
703,ALBACORE,THUNNUS ALALUNGA, 
704,YELLOWFIN TUNA,THUNNUS ALBACARES, 
705,BLACKFIN TUNA,THUNNUS ATLANTICUS, 
706,BIGEYE TUNA,THUNNUS OBESUS, 
707,BLUE MARLIN,MAKAIRA NIGRICANS, 
708,WHITE MARLIN,TETRAPTURUS ALBIDUS, 
725,FRECKLED STARGAZER,XENOCEPHALUS EGREGIUS, 
726,LANCER STARGAZER,KATHETOSTOMA ALBIGUTTA, 
727,CLINID UNCL,CLINIDAE, 
728,SEAWEED BLENNY,PARABLENNIUS MARMOREUS, 
729,STRIPED BLENNY,CHASMODES BOSQUIANUS, 
730,CRESTED BLENNY,HYPLEUROCHILUS GEMINATUS, 
731,FEATHER BLENNY,HYPSOBLENNIUS HENTZ, 
732,FRECKLED BLENNY,HYPSOBLENNIUS IONTHAS, 
733,COMBTOOTH BLENNY UNCL,BLENNIIDAE, 
734,AMERICAN SAND LANCE,AMMODYTES AMERICANUS, 
735,SPOTFIN DRAGONET,FOETOREPUS AGASSIZI, 
736,FAT SLEEPER,DORMITATOR MACULATUS, 
737,FRILLFIN GOBY,BATHYGOBIUS SOPORATOR, 
738,NAKED GOBY,GOBIOSOMA BOSC, 
739,GOBY UNCL,GOBIIDAE, 
740,OCEAN SURGEON,ACANTHURUS BAHIANUS, 
741,DOCTORFISH,ACANTHURUS CHIRURGUS, 
742,BLUE TANG,ACANTHURUS COERULEUS, 
743,LITTLE TUNNY,EUTHYNNUS ALLETTERATUS, 
744,KING MACKEREL,SCOMBEROMORUS CAVALLA, 
745,SPANISH MACKEREL,SCOMBEROMORUS MACULATUS, 
746,CERO,SCOMBEROMORUS REGALIS, 
747,BLUEFIN TUNA,THUNNUS THYNNUS, 
748,SPOTTED DRIFTFISH,ARIOMMA REGULUS, 
749,HARVESTFISH,PEPRILUS ALEPIDOTUS, 
750,BUTTERFISH UNCL,STROMATEIDAE, 
751,SPINYCHEEK SCORPIONFISH,NEOMERINTHE HEMINGWAYI, 
752,HIGHFIN SCORPIONFISH,PONTINUS RATHBUNI, 
753,LONGFIN SCORPIONFISH,SCORPAENA AGASSIZI, 
754,BARBFISH,SCORPAENA BRASILIENSIS, 
755,SMOOTHHEAD SCORPIONFISH,SCORPAENA CALCARATA, 
756,HUNCHBACK SCORPIONFISH,SCORPAENA DISPAR, 
757,PLUMED SCORPIONFISH,SCORPAENA GRANDICORNIS, 
758,SPOTTED SCORPIONFISH,SCORPAENA PLUMIERI, 
759,SCORPIONFISH AND ROCKFISH UNCL,SCORPAENIDAE, 
760,SHORTFIN SEAROBIN,BELLATOR BRACHYCHIR, 
761,STREAMER SEAROBIN,BELLATOR EGRETTA, 
762,HORNED SEAROBIN,BELLATOR MILITARIS, 
763,SLENDER SEAROBIN,PERISTEDION GRACILE, 
764,SPINY SEAROBIN,PRIONOTUS ALATUS, 
765,BANDTAIL SEAROBIN,PRIONOTUS OPHRYAS, 
766,BLUESPOTTED SEAROBIN,PRIONOTUS ROSEUS, 
767,BIGEYE SEAROBIN,PRIONOTUS LONGISPINOSUS, 
768,BLACKWING SEAROBIN,PRIONOTUS RUBIO, 
769,LEOPARD SEAROBIN,PRIONOTUS SCITULUS, 
770,BIGHEAD SEAROBIN,PRIONOTUS TRIBULUS, 
772,FOURHORN SCULPIN,MYOXOCEPHALUS QUADRICORNIS, 
773,RIGHTEYE FLOUNDER UNCL,PLEURONECTIDAE, 
774,THREE-EYE FLOUNDER,ANCYLOPSETTA DILECTA, 
775,OCELLATED FLOUNDER,ANCYLOPSETTA QUADROCELLATA, 
776,PEACOCK FLOUNDER,BOTHUS LUNATUS, 
777,EYED FLOUNDER,BOTHUS OCELLATUS, 
778,PELICAN FLOUNDER,CHASCANOPSETTA LUGUBRIS, 
779,SAND WHIFF,CITHARICHTHYS ARENACEUS, 
780,HORNED WHIFF,CITHARICHTHYS CORNUTUS, 
781,SPOTTED WHIFF,CITHARICHTHYS MACROPS, 
782,BAY WHIFF,CITHARICHTHYS SPILOPTERUS, 
783,SPOTFIN FLOUNDER,CYCLOPSETTA FIMBRIATA, 
784,SPINY FLOUNDER,ENGYOPHRYS SENTA, 
785,FRINGED FLOUNDER,ETROPUS CROSSOTUS, 
786,GRAY FLOUNDER,ETROPUS RIMOSUS, 
787,SHRIMP FLOUNDER,GASTROPSETTA FRONTALIS, 
788,GULF FLOUNDER,PARALICHTHYS ALBIGUTTA, 
789,SOUTHERN FLOUNDER,PARALICHTHYS LETHOSTIGMA, 
790,BROAD FLOUNDER,PARALICHTHYS SQUAMILENTUS, 
791,SHOAL FLOUNDER,SYACIUM GUNTERI, 
792,CHANNEL FLOUNDER,SYACIUM MICRURUM, 
793,DUSKY FLOUNDER,SYACIUM PAPILLOSUM, 
794,ETROPUS UNCL,ETROPUS SP, 
795,LEFTEYE FLOUNDER UNCL,BOTHIDAE, 
796,NAKED SOLE,GYMNACHIRUS MELAS, 
797,OFFSHORE TONGUEFISH,SYMPHURUS CIVITATUS, 
798,SPOTTEDFIN TONGUEFISH,SYMPHURUS DIOMEDIANUS, 
799,LARGESCALE TONGUEFISH,SYMPHURUS MINOR, 
820,TRIGGERFISH FILEFISH UNCL,BALISTIDAE, 
821,SLENDER TONGUEFISH,SYMPHURUS MARGINATUS, 
822,SNAKE MACKEREL UNCL,TRICHIURIDAE, 
823,OILFISH,RUVETTUS PRETIOSUS, 
824,ESCOLAR,LEPIDOCYBIUM FLAVOBRUNNEUM, 
825,BLACKCHEEK TONGUEFISH,SYMPHURUS PLAGIUSA, 
826,NORTHERN TONGUEFISH,SYMPHURUS PUSILLUS, 
827,SPOTTAIL TONGUEFISH,SYMPHURUS UROSPILUS, 
829,JAMBEAU,PARAHOLLARDIA LINEATA, 
830,DOTTEREL FILEFISH,ALUTERUS HEUDELOTI, 
831,UNICORN FILEFISH,ALUTERUS MONOCEROS, 
832,ORANGE FILEFISH,ALUTERUS SCHOEPFI, 
833,SCRAWLED FILEFISH,ALUTERUS SCRIPTUS, 
834,QUEEN TRIGGERFISH,BALISTES VETULA, 
835,OCEAN TRIGGERFISH,CANTHIDERMIS SUFFLAMEN, 
836,FRINGED FILEFISH,MONACANTHUS CILIATUS, 
837,SPOTTED TRUNKFISH,LACTOPHRYS BICAUDALIS, 
838,HONEYCOMB COWFISH,LACTOPHRYS POLYGONIA, 
839,SCRAWLED COWFISH,LACTOPHRYS QUADRICORNIS, 
840,TRUNKFISH,LACTOPHRYS TRIGONUS, 
841,SMOOTH TRUNKFISH,LACTOPHRYS TRIQUETER, 
842,SHARPNOSE PUFFER,CANTHIGASTER ROSTRATA, 
843,MARBLED PUFFER,SPHOEROIDES DORSALIS, 
844,SOUTHERN PUFFER,SPHOEROIDES NEPHELUS, 
845,BANDTAIL PUFFER,SPHOEROIDES SPENGLERI, 
846,CHECKERED PUFFER,SPHOEROIDES TESTUDINEUS, 
847,WEB BURRFISH,CHILOMYCTERUS ANTILLARUM, 
848,SPOTTED BURRFISH,CHILOMYCTERUS ATINGA, 
849,BALLOONFISH,DIODON HOLOCANTHUS, 
850,PORCUPINEFISH,DIODON HYSTRIX, 
851,ANCHOVY UNCL,ENGRAULIDAE, 
852,LIZARDFISH UNCL,SYNODONTIDAE, 
853,PARALICHTHYS UNCL,PARALICHTHYS SP, 
854,COCOA DAMSELFISH,POMACENTRUS VARIABILIS, 
855,BUTTERFLYFISH UNCL,CHAETODONTIDAE, 
856,STRIATED ARGENTINE,ARGENTINA STRIATA, 
857,STARGAZER UNCL,URANOSCOPIDAE, 
858,DRUM UNCL,SCIAENIDAE, 
859,DUSKY ANCHOVY,ANCHOA LYOLEPIS, 
860,MACKEREL AND TUNA UNCL,SCOMBRIDAE, 
861,PUFFER UNCL,TETRAODONTIDAE, 
862,REDEYE GAPER,CHAUNAX STIGMAEUS, 
863,MISTY GROUPER,EPINEPHELUS MYSTACINUS, 
864,LONGSNOUT BUTTERFLYFISH,CHAETODON ACULEATUS, 
865,SILVER ANCHOVY,ENGRAULIS EURYSTOLE, 
866,WHIFF UNCL,CITHARICHTHYS SP, 
867,,LAEMONEMA BARBATULUM, 
868,LONGNOSE CUSK-EEL,OPHIDION BEANI, 
869,MOONEYE CUSK-EEL,OPHIDION SELENOPS, 
870,HONEYCOMB MORAY,GYMNOTHORAX SAXICOLA, 
871,SHORTWING SEAROBIN,PRIONOTUS STEARNSI, 
872,SPOTFIN MOJARRA,EUCINOSTOMUS ARGENTEUS, 
873,TWOSPOT FLOUNDER,BOTHUS ROBINSI, 
874,SNAKE MACKEREL,GEMPYLUS SERPENS, 
875,SCALED SARDINE,HARENGULA JAGUANA, 
876,BIGEYE CIGARFISH,CUBICEPS PAUCIRADIATUS, 
877,LESSER AMBERJACK,SERIOLA FASCIATA, 
878,STRIPED GRUNT,HAEMULON STRIATUM, 
879,SNAPPER EEL,ECHIOPHIS PUNCTIFER, 
880,BLUNTHEAD PUFFER,SPHOEROIDES PACHYGASTER, 
881,SKILLETFISH,GOBIESOX STRUMOSUS, 
882,ANGLEFIN WHIFF,CITHARICHTHYS GYMNORHINUS, 
883,POLKA-DOT BATFISH,OGCOCEPHALUS RADIATUS, 
885,ATLANTIC THORNYHEAD,TRACHYSCORPIA CRISTULATA, 
887,LIGHTFISH UNCL,GONOSTOMATIDAE, 
888,BRIDLE CARDINALFISH,APOGON AUROLINEATUS, 
889,CUBAN ANCHOVY,ANCHOA CUBANA, 
890,LONGNOSE ANCHOVY,ANCHOA NASUTA, 
891,BROWN DRIFTFISH,ARIOMMA MELANUM, 
892,PYGMY ARGENTINE,GLOSSANODON PYGMAEUS, 
894,ATLANTIC SALMON,SALMO SALAR, 
895,SPOTTED SOAPFISH,RYPTICUS SUBBIFRENATUS, 
896,BARRACUDINA UNCL,PARALEPIDAE, 
897,BLACKFIN GOOSEFISH,LOPHIUS GASTROPHYSUS, 
898,COTTONMOUTH JACK,URASPIS SECUNDA, 
899,RED DORY,CYTTOPSIS ROSEA, 
900,LOPHIIFORM UNCL,LOPHIIFORMES, 
901,BLACKSPOTTED STICKLEBACK,GASTEROSTEUS WHEATLANDI, 
902,NINESPINE STICKLEBACK,PUNGITIUS PUNGITIUS, 
910,ROYAL RED SHRIMP,PLEOTICUS ROBUSTUS, 
911,SCARLET GAMBA SHRIMP,PLESIOPENAEUS EDWARDSIANUS, 
912,,CALOCARIS TEMPLEMANI, 
913,BROWN SHRIMP,PENAEUS AZTECUS, 
914,PINK SHRIMP,PENAEUS DUORARUM, 
915,WHITE SHRIMP,PENAEUS SETIFERUS, 
924,LONGTAIL SKATE,BREVIRAJA PLUTONIA, 
925,THRESHER SHARK,ALOPIAS VULPINUS, 
926,BIGEYE THRESHER SHARK,ALOPIAS SUPERCILIOSUS, 
927,LONGFIN MAKO,ISURUS PAUCUS, 
928,FINETOOTH SHARK,CARCHARHINUS ISODON, 
929,BIGNOSE SHARK,CARCHARHINUS ALTIMUS, 
930,OCEANIC WHITETIP SHARK,CARCHARHINUS LONGIMANUS, 
931,SPINNER SHARK,CARCHARHINUS BREVIPINNA, 
932,SMALLTAIL SHARK,CARCHARHINUS POROSUS, 
933,REEF SHARK,CARCHARHINUS PEREZII, 
934,NIGHT SHARK,CARCHARHINUS SIGNATUS, 
935,FLORIDA SMOOTHHOUND,MUSTELUS NORRISI, 
936,LEOPARD SHARK,TRIAKIS SEMIFASCIATA, 
937,SCOOPHEAD SHARK,SPHYRNA MEDIA, 
938,STRIPED BONITO,SARDA ORIENTALIS, 
939,SAILFISH,ISTIOPHORUS PLATYPTERUS, 
940,BLACK MARLIN,MAKAIRA INDICA, 
941,SHORTBILL SPEARFISH,TETRAPTURUS ANGUSTIROSTRIS, 
942,STRIPED MARLIN,TETRAPTURUS AUDAX, 
943,LONGBILL SPEARFISH,TETRAPTURUS PFLUEGERI, 
950,LOGGERHEAD SEATURTLE,CARETTA CARETTA, 
951,GREEN SEATURTLE,CHELONIA MYDAS, 
952,LEATHERBACK SEATURTLE,DERMOCHELYS CORIACEA, 
953,HAWKSBILL SEATURTLE,ERETMOCHELYS IMBRICATA, 
954,KEMP'S RIDLEY SEATURTLE,LEPIDOCHELYS KEMPI, 
955,NORTHERN SHRIMP MALE,PANDALIS BOREALIS, 
956,NORTHERN SHRIMP FEMALE I,PANDALIS BOREALIS, 
957,NORTHERN SHRIMP FEMALE II,PANDALIS BOREALIS, 
958,NORTHERN SHRIMP TRANSITIONAL,PANDALIS BOREALIS, 
959,NORTHERN SHRIMP OVIGEROUS,PANDALIS BOREALIS, 
960,NORTHERN SHRIMP NON SPAWN,PANDALIS BOREALIS, 
961,NORTHERN SHRIMP UNSTAGED,PANDALIS BOREALIS, 
962,,LEPTASTERIAS TENERA, 
978,UNKNOWN 01,UNKNOWN 01, 
979,UNKNOWN 02,UNKNOWN 02, 
980,UNKNOWN 03,UNKNOWN 03, 
981,UNKNOWN 04,UNKNOWN 04, 
982,UNKNOWN 05,UNKNOWN 05, 
983,UNKNOWN 06,UNKNOWN 06, 
984,UNKNOWN 07,UNKNOWN 07, 
985,UNKNOWN 08,UNKNOWN 08, 
986,UNKNOWN 09,UNKNOWN 09, 
987,UNKNOWN 10,UNKNOWN 10, 
988,UNKNOWN 11,UNKNOWN 11, 
989,UNKNOWN 12,UNKNOWN 12, 
990,UNKNOWN 13,UNKNOWN 13, 
991,UNKNOWN 14,UNKNOWN 14, 
992,UNKNOWN 15,UNKNOWN 15, 
993,UNKNOWN 16,UNKNOWN 16, 
994,UNKNOWN 17,UNKNOWN 17, 
995,UNKNOWN 18,UNKNOWN 18, 
996,UNKNOWN 19,UNKNOWN 19, 
997,UNKNOWN 20,UNKNOWN 20, 
998,TRASH,TRASH SPECIES IN CATCH, 
